,,pburton0,RfQS0yhfDDK,wcastillo0@dyndns.org,
,Gilbert,bgilbert1,cKdGLMH,wgilbert1@amazon.com,
Laura,,lkim2,4dBIGiIIDx,lhanson2@scientificamerican.com,
,,bwest3,cqglZpG,pmills3@ca.gov,
,Harvey,rharvey4,blmQ0MeX,tharvey4@nsw.gov.au,
,,cstanley5,QO3fR9C3JB,dharrison5@ocn.ne.jp,
,,smedina6,3JaRI6r,jriley6@newyorker.com,4/26/0479
,Owens,powens7,iBDU3P8Nh27,jowens7@diigo.com,12/31/0880
,,bhowell8,N1g6uK,elarson8@yahoo.co.jp,
,,wlawrence9,dANjtw4a,dgarrett9@trellian.com,
Sharon,Carter,scartera,H6pUNE0mqSV,scartera@sitemeter.com,1/8/1566
,Adams,wadamsb,OExBOGMRAd,aadamsb@odnoklassniki.ru,11/15/2003
Aaron,,aharrisonc,5xMzKSZXc,aharveyc@hp.com,11/17/1331
Timothy,,tharperd,CO6YEuR1CB,tsandersd@smh.com.au,
,Chapman,dchapmane,12bEhg,jchapmane@bloglines.com,
,,gburkef,x97W22EPuV,srogersf@nymag.com,
Doris,,dphillipsg,GSE44l,dbrooksg@twitter.com,
Jean,,jleeh,rihl1AVnA1jf,jknighth@deliciousdays.com,
,,ehicksi,JVAPwLFCS,rstewarti@redcross.org,
,,kdayj,mdv2rD5,mhuntj@github.com,
,,lwatkinsk,CnUWl0xADa,pcarrollk@over-blog.com,
,Turner,jturnerl,kPy2c4,mturnerl@biglobe.ne.jp,
,,twagnerm,QAJAyUZFS6Cz,lgonzalezm@ucoz.com,
,,kwhiten,6lcEnTVrCS,sriveran@cyberchimps.com,
,,srussello,ItUETE,rowenso@washingtonpost.com,2/23/1267
David,Peterson,dpetersonp,cVvbt65,dpetersonp@rambler.ru,
,,anguyenq,nilSCiMs18q8,cmartinq@jugem.jp,
Annie,,amyersr,z5qNkr5bnrm,aroser@github.io,12/5/1852
,Kim,mkims,DzWYKt,jkims@sourceforge.net,
John,,jhuntt,MUVKhMbqF75K,jricet@is.gd,
,,rallenu,11bWaYYeXSyQ,dmarshallu@360.cn,
,,jphillipsv,n7FghuN5Bosm,sbarnesv@dell.com,
,,elawsonw,6GLSYrcMviTd,hsnyderw@narod.ru,8/8/0591
,,pcarrollx,TwthN5lay7,tgonzalesx@bravesites.com,
Amy,,alongy,Y9Eh8lo04NR8,astewarty@squidoo.com,
Dorothy,Rogers,drogersz,ejd0Amu8Djn,drogersz@sitemeter.com,
,,khenderson10,B0KUPmP,hmason10@whitehouse.gov,1/15/0309
Donald,Carpenter,dcarpenter11,zJxVvOtKMwh,dcarpenter11@tripadvisor.com,
,,jhayes12,5I7C0CR,rtaylor12@qq.com,
Jimmy,,jholmes13,X1UmOg,jsnyder13@ucoz.com,
,Griffin,vgriffin14,ndDzvD5A,agriffin14@businesswire.com,
Maria,,moliver15,U6O6uqrI,mstewart15@blogger.com,
,,jhunt16,DgZ9y1t7xlNf,cstevens16@opensource.org,
Gloria,,gsanchez17,RjCT9D3c1,gschmidt17@shop-pro.jp,
,,jjordan18,FchaNkoWi,kboyd18@comcast.net,
,,bmartin19,8jZ0Jftosf,cwest19@hubpages.com,
Scott,,sbarnes1a,56rYYmKSphl,smartinez1a@tinyurl.com,
,,twright1b,h3bpP89Hj,lchapman1b@intel.com,5/30/0673
Martin,,msimmons1c,Cn8WgX6,mjohnston1c@g.co,
,,hhicks1d,jnDJRi07,jmitchell1d@princeton.edu,
,,smartinez1e,dSIputrxwo,kwheeler1e@japanpost.jp,
,,kelliott1f,LQnQCs,chayes1f@unicef.org,
,,jknight1g,oFUHnUvkFGI,kfowler1g@slate.com,
,,hday1h,WK8uqTCZJK,mhernandez1h@psu.edu,
,,phill1i,hCnGgOfZUHW,chenderson1i@forbes.com,10/29/1311
Gregory,,ghanson1j,llQChqhAD,gwhite1j@addthis.com,
Marilyn,,mmurray1k,PRX004RXzb,mpatterson1k@dagondesign.com,6/16/1179
Eugene,,egibson1l,LopnX0mNd0KV,emoore1l@google.fr,8/8/1833
Kelly,,kwatson1m,9Puq5iwL7,klewis1m@digg.com,1/4/0372
,,pgomez1n,ag1x046M,rsnyder1n@clickbank.net,3/6/0187
,,jcoleman1o,MZXg5gnd,pbell1o@fc2.com,
,,dfoster1p,5Msht7Va,jharvey1p@ask.com,
Adam,,acooper1q,cV0JOZ9m,ahayes1q@nps.gov,
,,dpierce1r,IgBsKwavP,aburns1r@nydailynews.com,1/12/1842
Mark,,mfrazier1s,7GpfxN9UAkW,mmason1s@exblog.jp,
,Black,kblack1t,7oQKmKJvY,jblack1t@senate.gov,
,,emitchell1u,PqyjQgjyD,dhunter1u@bigcartel.com,
,,lfreeman1v,CEKva9aC,rnguyen1v@ucoz.com,
,,bmorrison1w,r81SjP1G,lschmidt1w@facebook.com,10/31/0052
,Diaz,cdiaz1x,osMk012ykj,hdiaz1x@ucla.edu,5/12/1799
Bruce,,belliott1y,tk5bAI,bvasquez1y@washington.edu,
Louise,,lnguyen1z,WO82avr2,ltaylor1z@ed.gov,
,,pbrown20,rtJn9Num,mblack20@domainmarket.com,
,,jwarren21,m2H4nBwTBO,kwhite21@symantec.com,
,Rivera,srivera22,PNiLuERjDc,nrivera22@skyrock.com,
,Garcia,bgarcia23,dczvEGeTV4f,mgarcia23@ucla.edu,5/4/0139
Sharon,,sevans24,iyVBPzyg,sramos24@desdev.cn,
,Reyes,areyes25,S70Euj1z,jreyes25@flavors.me,
Billy,,bdixon26,kZVMzXKrEiLk,bhenderson26@biblegateway.com,11/27/1540
,Gardner,mgardner27,K1mlTSTZ,pgardner27@qq.com,
,,lcarr28,lOXSK3ISPeMr,bgardner28@imdb.com,
,,dgray29,gIJBKC,gmorrison29@psu.edu,
James,Henderson,jhenderson2a,ySqEgAP,jhenderson2a@domainmarket.com,
,James,djames2b,hJSsINkKY,sjames2b@posterous.com,
,,bdaniels2c,7J58P43XJar,rmurray2c@wsj.com,
,Burns,bburns2d,P5DH5AkHQ,mburns2d@angelfire.com,
Amy,Castillo,acastillo2e,aUN3DsDNoRy,acastillo2e@nydailynews.com,
,Franklin,mfranklin2f,WNBFNv,dfranklin2f@g.co,
,,sjordan2g,IXlnINdd,swagner2g@uol.com.br,
Betty,,bwashington2h,idx7n0,bmills2h@lycos.com,
Phyllis,,privera2i,lKmUKcv,pstone2i@nbcnews.com,
Kenneth,,kramos2j,NQXLnn,khayes2j@fc2.com,
Heather,,hwhite2k,R6248A6UygV,hday2k@acquirethisname.com,
Ronald,,rturner2l,0QOzn1DLsd,rdaniels2l@ed.gov,
,,lbennett2m,9j1QhWmFvYb,dbarnes2m@etsy.com,
,,bfreeman2n,IAs8DXHM,cpierce2n@ed.gov,
,,rbradley2o,Ec6cOYa,bmontgomery2o@sciencedaily.com,
Christopher,Kennedy,ckennedy2p,P52c5uA0GSZ,ckennedy2p@topsy.com,
,,rnguyen2q,85DfzT,ewhite2q@fc2.com,
,,ggrant2r,EpPl4p,aevans2r@oaic.gov.au,
